"0","# ============================================================================"
"0","# CHAPTER 1: BY THE NUMBERS"
"0","#"
"0","# Final PNG:"
"0","#   6.5 × 8.5 inches"
"0","#   1,950 × 2,550 pixels"
"0","#   300 dpi"
"0","#"
"0","# Endpoint behavior:"
"0","#   - Ordinary time series use the first and last nonmissing year in the file."
"0","#   - Projection rows compare the latest observed year with the latest"
"0","#     projected year."
"0","#   - Tables that store endpoint values without year columns use their own"
"0","#     titles-and-sources metadata for endpoint labels."
"0","#"
"0","# Output:"
"0","#   final_infographics/html/infographic_ch1_by_the_numbers.html"
"0","#   final_infographics/pngs/infographic_ch1_by_the_numbers.png"
"0","# ============================================================================"
"0",""
"0",""
"0","# ============================================================================"
"0","# 1. STAT-INCLUSION AND EMPHASIS CONTROLS"
"0","# ============================================================================"
"0",""
"0","# TRUE includes every statistic listed below."
"0","#"
"0","# To choose statistics individually:"
"0","#   1. Change INCLUDE_ALL_STATS to FALSE."
"0","#   2. Set each statistic in INCLUDE_STATS to TRUE or FALSE."
"0","#"
"0","# To control bold emphasis:"
"0","#   Set each statistic in EMPHASIZE_STATS to TRUE or FALSE."
"0","#"
"0","# Entire sections can also be disabled with INCLUDE_SECTIONS."
"0",""
"0","INCLUDE_ALL_STATS <- TRUE"
"0",""
"0",""
"0","INCLUDE_SECTIONS <- c("
"0","  higher_education = TRUE,"
"0","  stem_training    = TRUE,"
"0","  international    = TRUE,"
"0","  selected_fields  = TRUE,"
"0","  projections      = TRUE"
"0",")"
"0",""
"0",""
"0","INCLUDE_STATS <- c("
"0",""
"0","  # Expansion of US higher education"
"0","  research_doctorates_total = TRUE,"
"0","  all_bachelors              = TRUE,"
"0","  all_masters                = TRUE,"
"0","  all_doctorates             = TRUE,"
"0",""
"0","  # Growth and composition of STEM training"
"0","  total_stem_degrees           = TRUE,"
"0","  stem_bachelors               = TRUE,"
"0","  stem_masters                 = TRUE,"
"0","  stem_doctorates              = TRUE,"
"0","  stem_masters_doctorate_ratio = TRUE,"
"0","  stem_share_bachelors         = TRUE,"
"0","  stem_share_masters           = TRUE,"
"0","  se_share_research_doctorates = TRUE,"
"0","  se_research_doctorates       = TRUE,"
"0","  nonse_research_doctorates    = TRUE,"
"0",""
"0","  # International enrollment and degree dependence"
"0","  international_students_total   = TRUE,"
"0","  international_enrollment_share = TRUE,"
"0","  international_all_bachelors    = TRUE,"
"0","  international_all_masters      = TRUE,"
"0","  international_all_doctorates   = TRUE,"
"0","  international_stem_bachelors   = TRUE,"
"0","  international_stem_masters     = TRUE,"
"0","  international_stem_doctorates  = TRUE,"
"0",""
"0","  # International share in selected STEM fields"
"0","  cs_bachelors           = TRUE,"
"0","  engineering_bachelors  = TRUE,"
"0","  mathematics_bachelors  = TRUE,"
"0","  cs_masters             = TRUE,"
"0","  engineering_masters    = TRUE,"
"0","  mathematics_masters    = TRUE,"
"0","  cs_doctorates          = TRUE,"
"0","  engineering_doctorates = TRUE,"
"0","  mathematics_doctorates = TRUE,"
"0",""
"0","  # Global STEM PhD projections"
"0","  us_phd_output          = TRUE,"
"0","  china_phd_output       = TRUE,"
"0","  india_phd_output       = TRUE,"
"0","  us_phds_per_million    = TRUE,"
"0","  china_phds_per_million = TRUE,"
"0","  india_phds_per_million = TRUE"
"0",")"
"0",""
"0",""
"0","# TRUE bolds the complete row for that statistic."
"0","# FALSE leaves the row at the standard weight."
"0",""
"0","EMPHASIZE_STATS <- c("
"0",""
"0","  # Expansion of US higher education"
"0","  research_doctorates_total = FALSE,"
"0","  all_bachelors              = FALSE,"
"0","  all_masters                = FALSE,"
"0","  all_doctorates             = FALSE,"
"0",""
"0","  # Growth and composition of STEM training"
"0","  total_stem_degrees           = FALSE,"
"0","  stem_bachelors               = FALSE,"
"0","  stem_masters                 = FALSE,"
"0","  stem_doctorates              = FALSE,"
"0","  stem_masters_doctorate_ratio = FALSE,"
"0","  stem_share_bachelors         = FALSE,"
"0","  stem_share_masters           = FALSE,"
"0","  se_share_research_doctorates = FALSE,"
"0","  se_research_doctorates       = FALSE,"
"0","  nonse_research_doctorates    = FALSE,"
"0",""
"0","  # International enrollment and degree dependence"
"0","  international_students_total   = FALSE,"
"0","  international_enrollment_share = FALSE,"
"0","  international_all_bachelors    = FALSE,"
"0","  international_all_masters      = FALSE,"
"0","  international_all_doctorates   = FALSE,"
"0","  international_stem_bachelors   = FALSE,"
"0","  international_stem_masters     = FALSE,"
"0","  international_stem_doctorates  = FALSE,"
"0",""
"0","  # International share in selected STEM fields"
"0","  cs_bachelors           = FALSE,"
"0","  engineering_bachelors  = FALSE,"
"0","  mathematics_bachelors  = FALSE,"
"0","  cs_masters             = FALSE,"
"0","  engineering_masters    = FALSE,"
"0","  mathematics_masters    = FALSE,"
"0","  cs_doctorates          = FALSE,"
"0","  engineering_doctorates = FALSE,"
"0","  mathematics_doctorates = FALSE,"
"0",""
"0","  # Global STEM PhD projections"
"0","  us_phd_output          = FALSE,"
"0","  china_phd_output       = FALSE,"
"0","  india_phd_output       = FALSE,"
"0","  us_phds_per_million    = FALSE,"
"0","  china_phds_per_million = FALSE,"
"0","  india_phds_per_million = FALSE"
"0",")"
"0",""
"0",""
"0","stat_enabled <- function(stat_id, section_id) {"
"0","  stat_is_enabled("
"0","    stat_id,"
"0","    section_id,"
"0","    include_all = INCLUDE_ALL_STATS,"
"0","    include_sections = INCLUDE_SECTIONS,"
"0","    include_stats = INCLUDE_STATS"
"0","  )"
"0","}"
"0",""
"0",""
"0","stat_emphasized <- function(stat_id) {"
"0","  stat_is_emphasized(stat_id, EMPHASIZE_STATS)"
"0","}"
"0",""
"0",""
"0","# ============================================================================"
"0","# 2. SHARED DESIGN AND EXPORT SETTINGS"
"0","#"
"0","# Dimensions, Chapter 1 column widths, colors, typography, and exact-size"
"0","# export behavior are defined once in R/infographic_shared.R."
"0","# ============================================================================"
"0",""
"0",""
"0","# ============================================================================"
"0","# 4. READ CHAPTER 1 DATA"
"0","#"
"0","# read_infographic_source() is defined in helpers.R and reads from DATA_DIR."
"0","# ============================================================================"
"0",""
"0","fig101 <- read_infographic_source("
"0","  ""FIG101"""
"0",")"
"0",""
"0","fig102 <- read_infographic_source("
"0","  ""FIG102"""
"0",")"
"0",""
"0","fig103 <- read_infographic_source("
"0","  ""FIG103"""
"0",")"
"0",""
"0","fig104 <- read_infographic_source("
"0","  ""FIG104"""
"0",")"
"0",""
"0","fig105 <- read_infographic_source("
"0","  ""FIG105"""
"0",")"
"0",""
"0","fig106 <- read_infographic_source("
"0","  ""FIG106"""
"0",")"
"0",""
"0","fig107 <- read_infographic_source("
"0","  ""FIG107"""
"0",")"
"0",""
"0","fig108 <- read_infographic_source("
"0","  ""FIG108"""
"0",")"
"0",""
"0","fig109 <- read_infographic_source("
"0","  ""FIG109"""
"0",")"
"0",""
"0","fig110 <- read_infographic_source("
"0","  ""FIG110"""
"0",")"
"0",""
"0","tab101 <- read_infographic_source("
"0","  ""TAB101"""
"0",")"
"0",""
"0",""
"0","# ============================================================================"
"0","# 5. SOURCE-DRIVEN ENDPOINT HELPERS"
"0","# ============================================================================"
"0",""
"0","series_endpoints <- function(df, column, year_column = ""Year"", academic = FALSE) {"
"0","  first <- data_endpoint("
"0","    df = df,"
"0","    column = column,"
"0","    which = ""first"","
"0","    year_column = year_column,"
"0","    academic = academic"
"0","  )"
"0","  last <- data_endpoint("
"0","    df = df,"
"0","    column = column,"
"0","    which = ""last"","
"0","    year_column = year_column,"
"0","    academic = academic"
"0","  )"
"0",""
"0","  list(first = first, last = last)"
"0","}"
"0",""
"0","field_endpoints <- function(field, degree_prefix) {"
"0","  row <- tab101 %>%"
"0","    filter(normalize_label(.data$Field) == normalize_label(.env$field))"
"0",""
"0","  if (nrow(row) != 1) {"
"0","    stop(""Expected one TAB101 row for `"", field, ""`."")"
"0","  }"
"0",""
"0","  first_value_column <- paste0(degree_prefix, ""_FirstYear"")"
"0","  last_value_column <- paste0(degree_prefix, ""_LastYear"")"
"0","  missing <- setdiff(c(first_value_column, last_value_column), names(row))"
"0","  if (length(missing) > 0) {"
"0","    stop(""TAB101 is missing: "", paste(missing, collapse = "", ""), ""."")"
"0","  }"
"0",""
"0","  source_range <- metadata_year_range(infographic_meta_id(tab101))"
"0",""
"0","  first_year_candidates <- c("
"0","    paste0(degree_prefix, ""_FirstYear_Year""),"
"0","    paste0(degree_prefix, ""_FirstYearYear""),"
"0","    ""FirstYear"""
"0","  )"
"0","  last_year_candidates <- c("
"0","    paste0(degree_prefix, ""_LastYear_Year""),"
"0","    paste0(degree_prefix, ""_LastYearYear""),"
"0","    ""LastYear"""
"0","  )"
"0",""
"0","  first_year_column <- intersect(first_year_candidates, names(row))"
"0","  last_year_column <- intersect(last_year_candidates, names(row))"
"0",""
"0","  first_year <- if (length(first_year_column) > 0) {"
"0","    year_number(row[[first_year_column[[1]]]])[[1]]"
"0","  } else {"
"0","    unname(source_range[[""first""]])"
"0","  }"
"0",""
"0","  last_year <- if (length(last_year_column) > 0) {"
"0","    year_number(row[[last_year_column[[1]]]])[[1]]"
"0","  } else {"
"0","    unname(source_range[[""last""]])"
"0","  }"
"0",""
"0","  list("
"0","    first = list("
"0","      value = numeric_clean(row[[first_value_column]])[[1]],"
"0","      year = first_year,"
"0","      label = calendar_year_label(first_year)"
"0","    ),"
"0","    last = list("
"0","      value = numeric_clean(row[[last_value_column]])[[1]],"
"0","      year = last_year,"
"0","      label = calendar_year_label(last_year)"
"0","    )"
"0","  )"
"0","}"
"0",""
"0",""
"0","# ============================================================================"
"0","# 6. ROW-BUILDING HELPERS"
"0","# ============================================================================"
"0",""
"0","make_metric_from_endpoints <- function("
"0","    stat_id,"
"0","    section_id,"
"0","    section_label,"
"0","    measure,"
"0","    endpoints,"
"0","    value_type,"
"0","    change_type,"
"0","    projected = FALSE"
"0",") {"
"0","  if (!stat_enabled(stat_id, section_id)) return(NULL)"
"0",""
"0","  tibble("
"0","    StatID = stat_id,"
"0","    SectionID = section_id,"
"0","    Section = section_label,"
"0","    Measure = measure,"
"0","    Earlier = format_cell("
"0","      endpoints$first$value,"
"0","      endpoints$first$label,"
"0","      value_type"
"0","    ),"
"0","    Latest = format_cell("
"0","      endpoints$last$value,"
"0","      endpoints$last$label,"
"0","      value_type,"
"0","      projected = projected"
"0","    ),"
"0","    Change = format_change("
"0","      endpoints$first$value,"
"0","      endpoints$last$value,"
"0","      change_type"
"0","    ),"
"0","    Emphasis = stat_emphasized(stat_id)"
"0","  )"
"0","}"
"0",""
"0","make_series_metric <- function("
"0","    stat_id,"
"0","    section_id,"
"0","    section_label,"
"0","    measure,"
"0","    df,"
"0","    column,"
"0","    value_type,"
"0","    change_type,"
"0","    year_column = ""Year"","
"0","    year_labeler = calendar_year_label"
"0",") {"
"0","  academic <- identical(year_labeler, academic_year_label)"
"0",""
"0","  make_metric_from_endpoints("
"0","    stat_id = stat_id,"
"0","    section_id = section_id,"
"0","    section_label = section_label,"
"0","    measure = measure,"
"0","    endpoints = series_endpoints("
"0","      df = df,"
"0","      column = column,"
"0","      year_column = year_column,"
"0","      academic = academic"
"0","    ),"
"0","    value_type = value_type,"
"0","    change_type = change_type"
"0","  )"
"0","}"
"0",""
"0","make_projection_metric <- function("
"0","    stat_id,"
"0","    section_id,"
"0","    section_label,"
"0","    measure,"
"0","    df,"
"0","    observed_column,"
"0","    projected_column,"
"0","    value_type,"
"0","    change_type,"
"0","    year_column = ""Year"""
"0",") {"
"0","  endpoints <- projection_endpoints("
"0","    df = df,"
"0","    observed_column = observed_column,"
"0","    projected_column = projected_column,"
"0","    year_column = year_column"
"0","  )"
"0",""
"0","  make_metric_from_endpoints("
"0","    stat_id = stat_id,"
"0","    section_id = section_id,"
"0","    section_label = section_label,"
"0","    measure = measure,"
"0","    endpoints = endpoints,"
"0","    value_type = value_type,"
"0","    change_type = change_type,"
"0","    projected = TRUE"
"0","  )"
"0","}"
"0",""
"0","make_field_metric <- function(stat_id, measure, field, degree_prefix) {"
"0","  make_metric_from_endpoints("
"0","    stat_id = stat_id,"
"0","    section_id = ""selected_fields"","
"0","    section_label = ""International share in selected STEM fields"","
"0","    measure = measure,"
"0","    endpoints = field_endpoints(field, degree_prefix),"
"0","    value_type = ""percent_value"","
"0","    change_type = ""pp_percent"""
"0","  )"
"0","}"
"0",""
"0",""
"0","# ============================================================================"
"0","# 7. DERIVED SERIES"
"0","# ============================================================================"
"0",""
"0","stem_columns <- intersect("
"0","  c(""Bachelors"", ""Masters"", ""Doctorate""),"
"0","  names(fig103)"
"0",")"
"0",""
"0","if (length(stem_columns) != 3) {"
"0","  stop(""FIG103 must contain Bachelors, Masters, and Doctorate columns."")"
"0","}"
"0",""
"0","fig103_derived <- fig103 %>%"
"0","  mutate("
"0","    Total_STEM = rowSums("
"0","      across(all_of(stem_columns), numeric_clean),"
"0","      na.rm = FALSE"
"0","    ),"
"0","    Masters_Doctorate_Ratio ="
"0","      numeric_clean(.data$Masters) / numeric_clean(.data$Doctorate)"
"0","  )"
"0","# ============================================================================"
"0","# 10. BUILD STATISTIC ROWS"
"0","# ============================================================================"
"0",""
"0","metric_rows <- list("
"0",""
"0","  # --------------------------------------------------------------------------"
"0","  # Expansion of US higher education"
"0","  # --------------------------------------------------------------------------"
"0",""
"0","  make_series_metric("
"0","    stat_id = ""research_doctorates_total"","
"0","    section_id = ""higher_education"","
"0","    section_label = ""Expansion of US higher education"","
"0","    measure = ""Research doctorates awarded"","
"0","    df = fig101,"
"0","    column = ""Doctorate recipients (number)"","
"0","    value_type = ""count"","
"0","    change_type = ""multiple"""
"0","  ),"
"0",""
"0","  make_series_metric("
"0","    stat_id = ""all_bachelors"","
"0","    section_id = ""higher_education"","
"0","    section_label = ""Expansion of US higher education"","
"0","    measure = ""Bachelor’s degrees awarded, all fields"","
"0","    df = fig102,"
"0","    column = ""Bachelors"","
"0","    value_type = ""count"","
"0","    change_type = ""multiple"""
"0","  ),"
"0",""
"0","  make_series_metric("
"0","    stat_id = ""all_masters"","
"0","    section_id = ""higher_education"","
"0","    section_label = ""Expansion of US higher education"","
"0","    measure = ""Master’s degrees awarded, all fields"","
"0","    df = fig102,"
"0","    column = ""Masters"","
"0","    value_type = ""count"","
"0","    change_type = ""multiple"""
"0","  ),"
"0",""
"0","  make_series_metric("
"0","    stat_id = ""all_doctorates"","
"0","    section_id = ""higher_education"","
"0","    section_label = ""Expansion of US higher education"","
"0","    measure = ""Doctorates awarded, all fields"","
"0","    df = fig102,"
"0","    column = ""Doctorate"","
"0","    value_type = ""count"","
"0","    change_type = ""multiple"""
"0","  ),"
"0",""
"0",""
"0","  # --------------------------------------------------------------------------"
"0","  # Growth and composition of STEM training"
"0","  # --------------------------------------------------------------------------"
"0",""
"0","  make_series_metric("
"0","    stat_id = ""total_stem_degrees"","
"0","    section_id = ""stem_training"","
"0","    section_label = ""Growth and composition of STEM training"","
"0","    measure = ""Total STEM degrees awarded"","
"0","    df = fig103_derived,"
"0","    column = ""Total_STEM"","
"0","    value_type = ""count"","
"0","    change_type = ""multiple"""
"0","  ),"
"0",""
"0","  make_series_metric("
"0","    stat_id = ""stem_bachelors"","
"0","    section_id = ""stem_training"","
"0","    section_label = ""Growth and composition of STEM training"","
"0","    measure = ""STEM bachelor’s degrees awarded"","
"0","    df = fig103,"
"0","    column = ""Bachelors"","
"0","    value_type = ""count"","
"0","    change_type = ""percent"""
"0","  ),"
"0",""
"0","  make_series_metric("
"0","    stat_id = ""stem_masters"","
"0","    section_id = ""stem_training"","
"0","    section_label = ""Growth and composition of STEM training"","
"0","    measure = ""STEM master’s degrees awarded"","
"0","    df = fig103,"
"0","    column = ""Masters"","
"0","    value_type = ""count"","
"0","    change_type = ""percent"""
"0","  ),"
"0",""
"0","  make_series_metric("
"0","    stat_id = ""stem_doctorates"","
"0","    section_id = ""stem_training"","
"0","    section_label = ""Growth and composition of STEM training"","
"0","    measure = ""STEM doctorates awarded"","
"0","    df = fig103,"
"0","    column = ""Doctorate"","
"0","    value_type = ""count"","
"0","    change_type = ""percent"""
"0","  ),"
"0",""
"0","  make_series_metric("
"0","    stat_id = ""stem_masters_doctorate_ratio"","
"0","    section_id = ""stem_training"","
"0","    section_label = ""Growth and composition of STEM training"","
"0","    measure = ""Master’s-to-doctorate ratio in STEM"","
"0","    df = fig103_derived,"
"0","    column = ""Masters_Doctorate_Ratio"","
"0","    value_type = ""ratio"","
"0","    change_type = ""ratio_points"""
"0","  ),"
"0",""
"0","  make_series_metric("
"0","    stat_id = ""stem_share_bachelors"","
"0","    section_id = ""stem_training"","
"0","    section_label = ""Growth and composition of STEM training"","
"0","    measure = ""STEM share of bachelor’s degrees"","
"0","    df = fig104,"
"0","    column = ""Bachelors"","
"0","    value_type = ""share"","
"0","    change_type = ""pp_share"""
"0","  ),"
"0",""
"0","  make_series_metric("
"0","    stat_id = ""stem_share_masters"","
"0","    section_id = ""stem_training"","
"0","    section_label = ""Growth and composition of STEM training"","
"0","    measure = ""STEM share of master’s degrees"","
"0","    df = fig104,"
"0","    column = ""Masters"","
"0","    value_type = ""share"","
"0","    change_type = ""pp_share"""
"0","  ),"
"0",""
"0","  make_series_metric("
"0","    stat_id = ""se_share_research_doctorates"","
"0","    section_id = ""stem_training"","
"0","    section_label = ""Growth and composition of STEM training"","
"0","    measure = ""Science and engineering share of research doctorates"","
"0","    df = fig104,"
"0","    column = ""Research Doctorates (SED)"","
"0","    value_type = ""share"","
"0","    change_type = ""pp_share"""
"0","  ),"
"0",""
"0","  make_series_metric("
"0","    stat_id = ""se_research_doctorates"","
"0","    section_id = ""stem_training"","
"0","    section_label = ""Growth and composition of STEM training"","
"0","    measure = ""Science and engineering research doctorates"","
"0","    df = fig105,"
"0","    column = ""Just S&E fields"","
"0","    value_type = ""count"","
"0","    change_type = ""multiple"""
"0","  ),"
"0",""
"0","  make_series_metric("
"0","    stat_id = ""nonse_research_doctorates"","
"0","    section_id = ""stem_training"","
"0","    section_label = ""Growth and composition of STEM training"","
"0","    measure = ""Non-science-and-engineering research doctorates"","
"0","    df = fig105,"
"0","    column = ""Non-S&E Fields"","
"0","    value_type = ""count"","
"0","    change_type = ""multiple"""
"0","  ),"
"0",""
"0",""
"0","  # --------------------------------------------------------------------------"
"0","  # International enrollment and degree dependence"
"0","  # --------------------------------------------------------------------------"
"0",""
"0","  make_series_metric("
"0","    stat_id = ""international_students_total"","
"0","    section_id = ""international"","
"0","    section_label = ""International enrollment and degree dependence"","
"0","    measure = ""International students in US higher education"","
"0","    df = fig106,"
"0","    column = ""Total"","
"0","    value_type = ""count"","
"0","    change_type = ""multiple"","
"0","    year_labeler = academic_year_label"
"0","  ),"
"0",""
"0","  make_series_metric("
"0","    stat_id = ""international_enrollment_share"","
"0","    section_id = ""international"","
"0","    section_label = ""International enrollment and degree dependence"","
"0","    measure = ""International share of total US enrollment"","
"0","    df = fig106,"
"0","    column = ""Share of Total US Enrollment"","
"0","    value_type = ""share"","
"0","    change_type = ""pp_share"","
"0","    year_labeler = academic_year_label"
"0","  ),"
"0",""
"0","  make_series_metric("
"0","    stat_id = ""international_all_bachelors"","
"0","    section_id = ""international"","
"0","    section_label = ""International enrollment and degree dependence"","
"0","    measure = ""International share, all bachelor’s degrees"","
"0","    df = fig107,"
"0","    column = ""Bachelors"","
"0","    value_type = ""share"","
"0","    change_type = ""pp_share"""
"0","  ),"
"0",""
"0","  make_series_metric("
"0","    stat_id = ""international_all_masters"","
"0","    section_id = ""international"","
"0","    section_label = ""International enrollment and degree dependence"","
"0","    measure = ""International share, all master’s degrees"","
"0","    df = fig107,"
"0","    column = ""Masters"","
"0","    value_type = ""share"","
"0","    change_type = ""pp_share"""
"0","  ),"
"0",""
"0","  make_series_metric("
"0","    stat_id = ""international_all_doctorates"","
"0","    section_id = ""international"","
"0","    section_label = ""International enrollment and degree dependence"","
"0","    measure = ""International share, all research doctorates"","
"0","    df = fig107,"
"0","    column = ""Doctorates"","
"0","    value_type = ""share"","
"0","    change_type = ""pp_share"""
"0","  ),"
"0",""
"0","  make_series_metric("
"0","    stat_id = ""international_stem_bachelors"","
"0","    section_id = ""international"","
"0","    section_label = ""International enrollment and degree dependence"","
"0","    measure = ""International share, STEM bachelor’s degrees"","
"0","    df = fig108,"
"0","    column = ""Bachelors"","
"0","    value_type = ""share"","
"0","    change_type = ""pp_share"""
"0","  ),"
"0",""
"0","  make_series_metric("
"0","    stat_id = ""international_stem_masters"","
"0","    section_id = ""international"","
"0","    section_label = ""International enrollment and degree dependence"","
"0","    measure = ""International share, STEM master’s degrees"","
"0","    df = fig108,"
"0","    column = ""Masters"","
"0","    value_type = ""share"","
"0","    change_type = ""pp_share"""
"0","  ),"
"0",""
"0","  make_series_metric("
"0","    stat_id = ""international_stem_doctorates"","
"0","    section_id = ""international"","
"0","    section_label = ""International enrollment and degree dependence"","
"0","    measure = ""International share, STEM research doctorates"","
"0","    df = fig108,"
"0","    column = ""Doctorates"","
"0","    value_type = ""share"","
"0","    change_type = ""pp_share"""
"0","  ),"
"0",""
"0",""
"0","  # --------------------------------------------------------------------------"
"0","  # International share in selected STEM fields"
"0","  # --------------------------------------------------------------------------"
"0",""
"0","  make_field_metric("
"0","    stat_id = ""cs_bachelors"","
"0","    measure = ""Computer science bachelor’s degrees"","
"0","    field = ""Computer and Information Sciences"","
"0","    degree_prefix = ""Bachelors"""
"0","  ),"
"0",""
"0","  make_field_metric("
"0","    stat_id = ""engineering_bachelors"","
"0","    measure = ""Engineering bachelor’s degrees"","
"0","    field = ""Engineering"","
"0","    degree_prefix = ""Bachelors"""
"0","  ),"
"0",""
"0","  make_field_metric("
"0","    stat_id = ""mathematics_bachelors"","
"0","    measure = ""Mathematics and statistics bachelor’s degrees"","
"0","    field = ""Mathematics and Statistics"","
"0","    degree_prefix = ""Bachelors"""
"0","  ),"
"0",""
"0","  make_field_metric("
"0","    stat_id = ""cs_masters"","
"0","    measure = ""Computer science master’s degrees"","
"0","    field = ""Computer and Information Sciences"","
"0","    degree_prefix = ""Masters"""
"0","  ),"
"0",""
"0","  make_field_metric("
"0","    stat_id = ""engineering_masters"","
"0","    measure = ""Engineering master’s degrees"","
"0","    field = ""Engineering"","
"0","    degree_prefix = ""Masters"""
"0","  ),"
"0",""
"0","  make_field_metric("
"0","    stat_id = ""mathematics_masters"","
"0","    measure = ""Mathematics and statistics master’s degrees"","
"0","    field = ""Mathematics and Statistics"","
"0","    degree_prefix = ""Masters"""
"0","  ),"
"0",""
"0","  make_field_metric("
"0","    stat_id = ""cs_doctorates"","
"0","    measure = ""Computer science research doctorates"","
"0","    field = ""Computer and Information Sciences"","
"0","    degree_prefix = ""Doctorate"""
"0","  ),"
"0",""
"0","  make_field_metric("
"0","    stat_id = ""engineering_doctorates"","
"0","    measure = ""Engineering research doctorates"","
"0","    field = ""Engineering"","
"0","    degree_prefix = ""Doctorate"""
"0","  ),"
"0",""
"0","  make_field_metric("
"0","    stat_id = ""mathematics_doctorates"","
"0","    measure = ""Mathematics and statistics research doctorates"","
"0","    field = ""Mathematics and Statistics"","
"0","    degree_prefix = ""Doctorate"""
"0","  ),"
"0",""
"0",""
"0","  # --------------------------------------------------------------------------"
"0","  # Global STEM PhD projections"
"0","  #"
"0","  # These rows automatically use:"
"0","  #   - the last nonmissing observed year as the benchmark"
"0","  #   - the last nonmissing projected year as the endpoint"
"0","  # --------------------------------------------------------------------------"
"0",""
"0","  make_projection_metric("
"0","    stat_id = ""us_phd_output"","
"0","    section_id = ""projections"","
"0","    section_label = ""Global STEM PhD projections"","
"0","    measure = ""US: annual STEM PhDs"","
"0","    df = fig109,"
"0","    observed_column = ""United States"","
"0","    projected_column = ""United States (projected)"","
"0","    value_type = ""count"","
"0","    change_type = ""percent"""
"0","  ),"
"0",""
"0","  make_projection_metric("
"0","    stat_id = ""china_phd_output"","
"0","    section_id = ""projections"","
"0","    section_label = ""Global STEM PhD projections"","
"0","    measure = ""CN: annual STEM PhDs"","
"0","    df = fig109,"
"0","    observed_column = ""China"","
"0","    projected_column = ""China (projected)"","
"0","    value_type = ""count"","
"0","    change_type = ""percent"""
"0","  ),"
"0",""
"0","  make_projection_metric("
"0","    stat_id = ""india_phd_output"","
"0","    section_id = ""projections"","
"0","    section_label = ""Global STEM PhD projections"","
"0","    measure = ""India: annual STEM PhDs"","
"0","    df = fig109,"
"0","    observed_column = ""India"","
"0","    projected_column = ""India (projected)"","
"0","    value_type = ""count"","
"0","    change_type = ""percent"""
"0","  ),"
"0",""
"0","  make_projection_metric("
"0","    stat_id = ""us_phds_per_million"","
"0","    section_id = ""projections"","
"0","    section_label = ""Global STEM PhD projections"","
"0","    measure = ""US: STEM PhDs per million residents"","
"0","    df = fig110,"
"0","    observed_column = ""United States"","
"0","    projected_column = ""United States (projected)"","
"0","    value_type = ""rate"","
"0","    change_type = ""percent"""
"0","  ),"
"0",""
"0","  make_projection_metric("
"0","    stat_id = ""china_phds_per_million"","
"0","    section_id = ""projections"","
"0","    section_label = ""Global STEM PhD projections"","
"0","    measure = ""CN: STEM PhDs per million residents"","
"0","    df = fig110,"
"0","    observed_column = ""China"","
"0","    projected_column = ""China (projected)"","
"0","    value_type = ""rate"","
"0","    change_type = ""percent"""
"0","  ),"
"0",""
"0","  make_projection_metric("
"0","    stat_id = ""india_phds_per_million"","
"0","    section_id = ""projections"","
"0","    section_label = ""Global STEM PhD projections"","
"0","    measure = ""India: STEM PhDs per million residents"","
"0","    df = fig110,"
"0","    observed_column = ""India"","
"0","    projected_column = ""India (projected)"","
"0","    value_type = ""rate"","
"0","    change_type = ""percent"""
"0","  )"
"0",")"
"0",""
"0",""
"0","# ============================================================================"
"0","# 11. COMBINE AND ORDER ROWS"
"0","# ============================================================================"
"0",""
"0","table_data <- bind_rows("
"0","  metric_rows"
"0",") %>%"
"0","  mutate("
"0","    RowOrder = row_number()"
"0","  )"
"0",""
"0",""
"0","if (nrow(table_data) == 0) {"
"0",""
"0","  stop("
"0","    ""No statistics are selected. Turn on INCLUDE_ALL_STATS or set at least "","
"0","    ""one value in INCLUDE_STATS to TRUE."""
"0","  )"
"0","}"
"0",""
"0",""
"0","section_order <- c("
"0","  ""Expansion of US higher education"","
"0","  ""Growth and composition of STEM training"","
"0","  ""International enrollment and degree dependence"","
"0","  ""International share in selected STEM fields"","
"0","  ""Global STEM PhD projections"""
"0",")"
"0",""
"0",""
"0","table_data <- table_data %>%"
"0","  mutate("
"0","    Section = factor("
"0","      Section,"
"0","      levels = section_order"
"0","    )"
"0","  ) %>%"
"0","  arrange("
"0","    Section,"
"0","    RowOrder"
"0","  )"
"0",""
"0",""
"0","n_body_rows <- nrow("
"0","  table_data"
"0",")"
"0",""
"0","# ============================================================================"
"0","# ============================================================================"
"0","# 12. FIXED 12-POINT TYPOGRAPHY AND PAGINATION"
"0","# ============================================================================"
"0",""
"0","build_chapter1_page <- function("
"0","    page_data,"
"0","    page_number,"
"0","    total_pages,"
"0","    is_last_page"
"0",") {"
"0","  build_infographic_table("
"0","    data = page_data,"
"0","    id = paste0(""chapter1_numbers_page_"", page_number),"
"0","    chapter_number = 1,"
"0","    title = ""AMERICA’S STEM TALENT SYSTEM: BY THE NUMBERS"","
"0","    subtitle = ""Historical, current, and projected measures"","
"0","    column_labels = c("
"0","      Earlier = ""Earlier<br>value"","
"0","      Latest = ""Latest or projected<br>value"","
"0","      Change = ""Change"""
"0","    ),"
"0","    notes = if (is_last_page) {"
"0","      c("
"0","        paste0("
"0","          ""**Note:** Endpoint years are taken automatically from the first "","
"0","          ""and last nonmissing observations in each source series. Projection "","
"0","          ""rows compare the latest observed year with the latest projected "","
"0","          ""year. Academic-year values are labeled by the year in which the "","
"0","          ""academic year ended. A “P” after a year indicates a projected value"","
"0","          ""; for example, 2050P means a projection for 2050"""
"0","        ),"
"0","        paste0("
"0","          ""**Source:** See figures 1.01–1.08 and table 1.01 "","
"0","          ""for full citations."""
"0","        )"
"0","      )"
"0","    } else {"
"0","      character()"
"0","    }"
"0","  )"
"0","}"
"0",""
"0","chapter1_infographic_exports <- export_paginated_infographic("
"0","  data = table_data,"
"0","  build_page = build_chapter1_page,"
"0","  name = ""infographic_ch1_by_the_numbers"""
"0",")"
"0",""
"0","knitr::include_graphics("
"0","  vapply(chapter1_infographic_exports, `[[`, character(1), ""png_path"")"
"0",")"
